# Redirects from what the browser requests to what we serve

/projects    /projects.html  
/project    /projects.html  
/projcts    /projects.html  
/rojects    /projects.html 

/music      /music.html
/musics     /music.html
/msic      /music.html
/usic      /music.html

/about      /about.html
/abut      /about.html
/abou      /about.html
/bout      /about.html

/contact        /contact.html
/ontact        /contact.html
/contct        /contact.html
/contac        /contact.html